observation_id,observer_id,instrument,target_id,angle_deg,observed_at
QUAD-0001,OBS-0001,quadrant,Dubhe,32.25,2026-07-28T04:13:30Z
QUAD-0002,OBS-0001,quadrant,Merok,30.5,2026-07-28T04:15:58Z
QUAD-0003,OBS-0001,quadrant,Phecda,36.75,2026-07-28T04:17:28Z
QUAD-0004,OBS-0001,quadrant,Megrez,39.25,2026-07-28T04:19:05Z
QUAD-0005,OBS-0001,quadrant,Alioth,44.75,2026-07-28T04:20:08Z
QUAD-0006,OBS-0001,quadrant,Mizar,47.9,2026-07-28T04:22:02Z
QUAD-0007,OBS-0001,quadrant,Alkaid,53.25,2026-07-28T04:23:40Z
QUAD-0008,OBS-0001,quadrant,Polaris,34.25,2026-07-28T04:41:50Z
QUAD-0009,OBS-0001,quadrant,Kochab,46.25,2026-07-28T04:43:14Z
